Workbook

Sheet 問題一覧
A1: No. | B1: 大分類 | C1: 小分類 | D1: 設問 | E1: 想定回答（キーワード） | F1: キーワード数 | G1: 必要解答数 | H1: 難易度 | I1: 備考
A2: 1 | B2: 術中維持の基本 | C2: 麻酔の要素 | D2: 全身麻酔の維持で満たすべき3要素は。 | E2: ・鎮静（意識消失） ・鎮痛 ・不動化（筋弛緩） ・（＋有害反射・自律神経反応の抑制） | F2: =IF(E2="",0,LEN(E2)-LEN(SUBSTITUTE(E2,CHAR(10),""))+1) -> 4 | G2: =MIN(3,MAX(1,ROUNDUP(F2*0.6,0))) -> 3 | H2: 研修医
A3: 2 | B3: 術中維持の基本 | C3: モニタリング | D3: 全身麻酔中の必須モニタを挙げよ。 | E3: ・心電図 ・非観血的血圧 ・SpO2 ・EtCO2（カプノグラム） ・体温 ・気道内圧・換気量 ・吸入麻酔薬・酸素濃度 | F3: =IF(E3="",0,LEN(E3)-LEN(SUBSTITUTE(E3,CHAR(10),""))+1) -> 7 | G3: =MIN(3,MAX(1,ROUNDUP(F3*0.6,0))) -> 3 | H3: 研修医
A4: 3 | B4: 術中維持の基本 | C4: 麻酔深度 | D4: 麻酔が浅いことを示唆する所見は。 | E4: ・血圧上昇 ・頻脈 ・体動・バッキング ・流涙・発汗 ・瞳孔散大 ・自発呼吸の出現 ・BIS上昇 | F4: =IF(E4="",0,LEN(E4)-LEN(SUBSTITUTE(E4,CHAR(10),""))+1) -> 7 | G4: =MIN(3,MAX(1,ROUNDUP(F4*0.6,0))) -> 3 | H4: 研修医
A5: 4 | B5: 術中維持の基本 | C5: 吸入麻酔薬 | D5: MAC 1.0とは何か。代表的な薬の値は。 | E5: ・50%の患者が皮膚切開で体動しない呼気濃度 ・セボフルラン 約1.7〜2.0% ・デスフルラン 約6% ・亜酸化窒素 約105% | F5: =IF(E5="",0,LEN(E5)-LEN(SUBSTITUTE(E5,CHAR(10),""))+1) -> 4 | G5: =MIN(3,MAX(1,ROUNDUP(F5*0.6,0))) -> 3 | H5: 研修医
A6: 5 | B6: 術中維持の基本 | C6: 吸入麻酔薬 | D6: MACを低下させる因子を挙げよ。 | E6: ・高齢 ・低体温 ・オピオイド・ベンゾジアゼピン併用 ・亜酸化窒素併用 ・妊娠 ・急性アルコール摂取 ・重症貧血・低酸素・低血圧 | F6: =IF(E6="",0,LEN(E6)-LEN(SUBSTITUTE(E6,CHAR(10),""))+1) -> 7 | G6: =MIN(3,MAX(1,ROUNDUP(F6*0.6,0))) -> 3 | H6: 研修医
A7: 6 | B7: 術中維持の基本 | C7: 循環 | D7: 術中に血圧が低下した。初期対応と鑑別は。 | E7: ・麻酔を浅くする ・輸液負荷 ・エフェドリン・フェニレフリン ・出血の確認 ・体位変換・気腹・術者の圧迫 ・アナフィラキシー ・緊張性気胸・塞栓 ・不整脈・心筋虚血 | F7: =IF(E7="",0,LEN(E7)-LEN(SUBSTITUTE(E7,CHAR(10),""))+1) -> 8 | G7: =MIN(3,MAX(1,ROUNDUP(F7*0.6,0))) -> 3 | H7: 研修医
A8: 7 | B8: 術中維持の基本 | C8: 循環 | D8: 術中の頻脈の鑑別を挙げよ。 | E8: ・浅麻酔・疼痛 ・循環血液量減少・出血 ・低酸素・高CO2 ・発熱・感染 ・薬剤（アトロピン、エフェドリン、カテコラミン） ・甲状腺機能亢進 ・悪性高熱 | F8: =IF(E8="",0,LEN(E8)-LEN(SUBSTITUTE(E8,CHAR(10),""))+1) -> 7 | G8: =MIN(3,MAX(1,ROUNDUP(F8*0.6,0))) -> 3 | H8: 研修医
A9: 8 | B9: 術中維持の基本 | C9: 循環 | D9: 術中の徐脈の原因と対応は。 | E9: ・迷走神経反射（腹膜牽引・眼球圧迫・気腹） ・レミフェンタニル・デクスメデトミジン ・β遮断薬 ・低酸素 ・高位脊椎麻酔 ・対応：刺激の中止、アトロピン0.5mg、酸素化確認 | F9: =IF(E9="",0,LEN(E9)-LEN(SUBSTITUTE(E9,CHAR(10),""))+1) -> 6 | G9: =MIN(3,MAX(1,ROUNDUP(F9*0.6,0))) -> 3 | H9: 研修医
A10: 9 | B10: 術中維持の基本 | C10: 換気 | D10: 術中にEtCO2が上昇した。対応は。 | E10: ・分時換気量を増やす ・無気肺ならリクルートメント ・チューブ・回路の異常確認 ・ソーダライム消耗の確認 ・気腹・止血帯解除の確認 ・発熱・悪性高熱の除外 | F10: =IF(E10="",0,LEN(E10)-LEN(SUBSTITUTE(E10,CHAR(10),""))+1) -> 6 | G10: =MIN(3,MAX(1,ROUNDUP(F10*0.6,0))) -> 3 | H10: 研修医
A11: 10 | B11: 術中維持の基本 | C11: 換気 | D11: 術中にEtCO2が急に低下した。鑑別は。 | E11: ・心停止・心拍出量低下 ・肺塞栓・空気塞栓 ・回路外れ・チューブ抜去 ・気道閉塞・屈曲 ・サンプリングラインの異常 ・過換気 | F11: =IF(E11="",0,LEN(E11)-LEN(SUBSTITUTE(E11,CHAR(10),""))+1) -> 6 | G11: =MIN(3,MAX(1,ROUNDUP(F11*0.6,0))) -> 3 | H11: 研修医
A12: 11 | B12: 術中維持の基本 | C12: 輸液 | D12: 術中輸液の基本的な考え方は。 | E12: ・維持量 1〜2mL/kg/h ・出血量・不感蒸泄の補充 ・目標指向（SVV/PPV、乳酸値、尿量0.5mL/kg/h） ・晶質液が基本、大量なら膠質液・輸血 ・過剰輸液は浮腫・合併症 | F12: =IF(E12="",0,LEN(E12)-LEN(SUBSTITUTE(E12,CHAR(10),""))+1) -> 5 | G12: =MIN(3,MAX(1,ROUNDUP(F12*0.6,0))) -> 3 | H12: 研修医
A13: 12 | B13: 術中維持の基本 | C13: 輸液 | D13: 術中の尿量が少ないときに考えることは。 | E13: ・循環血液量不足 ・心拍出量低下 ・尿道カテーテルの閉塞・屈曲 ・腹腔内圧上昇・気腹 ・手術操作（尿管） ・利尿薬の前にまず前負荷を評価 | F13: =IF(E13="",0,LEN(E13)-LEN(SUBSTITUTE(E13,CHAR(10),""))+1) -> 6 | G13: =MIN(3,MAX(1,ROUNDUP(F13*0.6,0))) -> 3 | H13: 研修医
... A207: 206 | B207: 小児麻酔 | C207: 区域麻酔 | D207: 小児の仙骨硬膜外ブロックの適応と注意点は。 | E207: ・下腹部・鼠径部・下肢の手術 ・全身麻酔下に施行する ・局所麻酔薬の体重あたり最大量を厳守 ・局所麻酔薬中毒 ・血管内・くも膜下への誤注入 ・感染・穿刺部位の異常 | F207: =IF(E207="",0,LEN(E207)-LEN(SUBSTITUTE(E207,CHAR(10),""))+1) -> 6 | G207: =MIN(3,MAX(1,ROUNDUP(F207*0.6,0))) -> 3 | H207: 研修医

Sheet 出題用（解答欄）
A1: No. | B1: 分野 | C1: 設問 | D1: 答える数 | E1: 解答欄 | F1: 採点
A2: =問題一覧!A2 -> 1 | B2: =問題一覧!B2 -> 術中維持の基本 | C2: =問題一覧!D2 -> 全身麻酔の維持で満たすべき3要素は。 | D2: =問題一覧!G2&"個" -> 3個
A3: =問題一覧!A3 -> 2 | B3: =問題一覧!B3 -> 術中維持の基本 | C3: =問題一覧!D3 -> 全身麻酔中の必須モニタを挙げよ。 | D3: =問題一覧!G3&"個" -> 3個
A4: =問題一覧!A4 -> 3 | B4: =問題一覧!B4 -> 術中維持の基本 | C4: =問題一覧!D4 -> 麻酔が浅いことを示唆する所見は。 | D4: =問題一覧!G4&"個" -> 3個
A5: =問題一覧!A5 -> 4 | B5: =問題一覧!B5 -> 術中維持の基本 | C5: =問題一覧!D5 -> MAC 1.0とは何か。代表的な薬の値は。 | D5: =問題一覧!G5&"個" -> 3個
A6: =問題一覧!A6 -> 5 | B6: =問題一覧!B6 -> 術中維持の基本 | C6: =問題一覧!D6 -> MACを低下させる因子を挙げよ。 | D6: =問題一覧!G6&"個" -> 3個
A7: =問題一覧!A7 -> 6 | B7: =問題一覧!B7 -> 術中維持の基本 | C7: =問題一覧!D7 -> 術中に血圧が低下した。初期対応と鑑別は。 | D7: =問題一覧!G7&"個" -> 3個
A8: =問題一覧!A8 -> 7 | B8: =問題一覧!B8 -> 術中維持の基本 | C8: =問題一覧!D8 -> 術中の頻脈の鑑別を挙げよ。 | D8: =問題一覧!G8&"個" -> 3個
A9: =問題一覧!A9 -> 8 | B9: =問題一覧!B9 -> 術中維持の基本 | C9: =問題一覧!D9 -> 術中の徐脈の原因と対応は。 | D9: =問題一覧!G9&"個" -> 3個
A10: =問題一覧!A10 -> 9 | B10: =問題一覧!B10 -> 術中維持の基本 | C10: =問題一覧!D10 -> 術中にEtCO2が上昇した。対応は。 | D10: =問題一覧!G10&"個" -> 3個
A11: =問題一覧!A11 -> 10 | B11: =問題一覧!B11 -> 術中維持の基本 | C11: =問題一覧!D11 -> 術中にEtCO2が急に低下した。鑑別は。 | D11: =問題一覧!G11&"個" -> 3個
A12: =問題一覧!A12 -> 11 | B12: =問題一覧!B12 -> 術中維持の基本 | C12: =問題一覧!D12 -> 術中輸液の基本的な考え方は。 | D12: =問題一覧!G12&"個" -> 3個
A13: =問題一覧!A13 -> 12 | B13: =問題一覧!B13 -> 術中維持の基本 | C13: =問題一覧!D13 -> 術中の尿量が少ないときに考えることは。 | D13: =問題一覧!G13&"個" -> 3個
... A207: =問題一覧!A207 -> 206 | B207: =問題一覧!B207 -> 小児麻酔 | C207: =問題一覧!D207 -> 小児の仙骨硬膜外ブロックの適応と注意点は。 | D207: =問題一覧!G207&"個" -> 3個

Sheet 分野別集計
A1: 大分類 | B1: 問題数 | C1: 構成比
A2: 術中維持の基本 | B2: =COUNTIF(問題一覧!$B$2:$B$207,A2) -> 22 | C2: =IFERROR(B2/$B$11,0) -> 0.10679612
A3: 薬剤 | B3: =COUNTIF(問題一覧!$B$2:$B$207,A3) -> 38 | C3: =IFERROR(B3/$B$11,0) -> 0.18446602
A4: 呼吸・人工呼吸 | B4: =COUNTIF(問題一覧!$B$2:$B$207,A4) -> 20 | C4: =IFERROR(B4/$B$11,0) -> 0.097087379
A5: 併存症 | B5: =COUNTIF(問題一覧!$B$2:$B$207,A5) -> 39 | C5: =IFERROR(B5/$B$11,0) -> 0.18932039
A6: 術式別 | B6: =COUNTIF(問題一覧!$B$2:$B$207,A6) -> 30 | C6: =IFERROR(B6/$B$11,0) -> 0.14563107
A7: 輸血・凝固 | B7: =COUNTIF(問題一覧!$B$2:$B$207,A7) -> 14 | C7: =IFERROR(B7/$B$11,0) -> 0.067961165
A8: 術後鎮痛 | B8: =COUNTIF(問題一覧!$B$2:$B$207,A8) -> 13 | C8: =IFERROR(B8/$B$11,0) -> 0.063106796
A9: モニタ・機器 | B9: =COUNTIF(問題一覧!$B$2:$B$207,A9) -> 15 | C9: =IFERROR(B9/$B$11,0) -> 0.072815534
A10: 小児麻酔 | B10: =COUNTIF(問題一覧!$B$2:$B$207,A10) -> 15 | C10: =IFERROR(B10/$B$11,0) -> 0.072815534
A11: 合計 | B11: =SUM(B2:B10) -> 206 | C11: =IFERROR(B11/$B$11,0) -> 1

Sheet 使い方・凡例
A1: 使い方・凡例
A3: ■ シート構成
A4: 問題一覧：設問と想定回答（キーワード）の本体。行のフィルタで分野別の抽出ができる。
A5: 出題用（解答欄）：問題一覧を参照した受験者配布用。想定回答は表示されない。
A6: 分野別集計：大分類ごとの問題数。
A8: ■ 編集してよい列（問題一覧）
A9: D列 設問／E列 想定回答／H列 難易度／I列 備考 は自由に書き換え可。
A10: E列は「・キーワード」を改行区切りで入力する（セル内改行は Alt+Enter）。
A11: F列 キーワード数 と G列 必要解答数 は数式。E列を編集すると自動で再計算される。
A12: G列の既定は「キーワード数の6割・上限3個」。個別に上書きしてよい。
A14: ■ 記入例（この形式で入力する）
A15: 設問：術中にEtCO2が上昇したらどうしますか。
... A22: 出典：作成者（麻酔科）の指定範囲に基づき作成。数値は代表的な成書・添付文書の一般的な範囲。
